filename,image_path,target,category
img000000.jpg,metfaces/images/img000000.jpg,0,
img000001.jpg,metfaces/images/img000001.jpg,0,
img000002.jpg,metfaces/images/img000002.jpg,0,
img000003.jpg,metfaces/images/img000003.jpg,0,
img000004.jpg,metfaces/images/img000004.jpg,0,
img000005.jpg,metfaces/images/img000005.jpg,0,
img000006.jpg,metfaces/images/img000006.jpg,0,
img000007.jpg,metfaces/images/img000007.jpg,0,
img000008.jpg,metfaces/images/img000008.jpg,0,
img000009.jpg,metfaces/images/img000009.jpg,0,
img000010.jpg,metfaces/images/img000010.jpg,0,
img000011.jpg,metfaces/images/img000011.jpg,0,
img000012.jpg,metfaces/images/img000012.jpg,0,
img000013.jpg,metfaces/images/img000013.jpg,0,
img000014.jpg,metfaces/images/img000014.jpg,0,
img000015.jpg,metfaces/images/img000015.jpg,0,
img000016.jpg,metfaces/images/img000016.jpg,0,
img000017.jpg,metfaces/images/img000017.jpg,0,
img000018.jpg,metfaces/images/img000018.jpg,0,
img000019.jpg,metfaces/images/img000019.jpg,0,
img000020.jpg,metfaces/images/img000020.jpg,0,
img000021.jpg,metfaces/images/img000021.jpg,0,
img000022.jpg,metfaces/images/img000022.jpg,0,
img000023.jpg,metfaces/images/img000023.jpg,0,
img000024.jpg,metfaces/images/img000024.jpg,0,
img000025.jpg,metfaces/images/img000025.jpg,0,
img000026.jpg,metfaces/images/img000026.jpg,0,
img000027.jpg,metfaces/images/img000027.jpg,0,
img000028.jpg,metfaces/images/img000028.jpg,0,
img000029.jpg,metfaces/images/img000029.jpg,0,
img000030.jpg,metfaces/images/img000030.jpg,0,
img000031.jpg,metfaces/images/img000031.jpg,0,
img000032.jpg,metfaces/images/img000032.jpg,0,
img000033.jpg,metfaces/images/img000033.jpg,0,
img000034.jpg,metfaces/images/img000034.jpg,0,
img000035.jpg,metfaces/images/img000035.jpg,0,
img000036.jpg,metfaces/images/img000036.jpg,0,
img000037.jpg,metfaces/images/img000037.jpg,0,
img000038.jpg,metfaces/images/img000038.jpg,0,
img000039.jpg,metfaces/images/img000039.jpg,0,
img000040.jpg,metfaces/images/img000040.jpg,0,
img000041.jpg,metfaces/images/img000041.jpg,0,
img000042.jpg,metfaces/images/img000042.jpg,0,
img000043.jpg,metfaces/images/img000043.jpg,0,
img000044.jpg,metfaces/images/img000044.jpg,0,
img000045.jpg,metfaces/images/img000045.jpg,0,
img000046.jpg,metfaces/images/img000046.jpg,0,
img000047.jpg,metfaces/images/img000047.jpg,0,
img000048.jpg,metfaces/images/img000048.jpg,0,
img000049.jpg,metfaces/images/img000049.jpg,0,
img000050.jpg,metfaces/images/img000050.jpg,0,
img000051.jpg,metfaces/images/img000051.jpg,0,
img000052.jpg,metfaces/images/img000052.jpg,0,
img000053.jpg,metfaces/images/img000053.jpg,0,
img000054.jpg,metfaces/images/img000054.jpg,0,
img000055.jpg,metfaces/images/img000055.jpg,0,
img000056.jpg,metfaces/images/img000056.jpg,0,
img000057.jpg,metfaces/images/img000057.jpg,0,
img000058.jpg,metfaces/images/img000058.jpg,0,
img000059.jpg,metfaces/images/img000059.jpg,0,
img000060.jpg,metfaces/images/img000060.jpg,0,
img000061.jpg,metfaces/images/img000061.jpg,0,
img000062.jpg,metfaces/images/img000062.jpg,0,
img000063.jpg,metfaces/images/img000063.jpg,0,
img000064.jpg,metfaces/images/img000064.jpg,0,
img000065.jpg,metfaces/images/img000065.jpg,0,
img000066.jpg,metfaces/images/img000066.jpg,0,
img000067.jpg,metfaces/images/img000067.jpg,0,
img000068.jpg,metfaces/images/img000068.jpg,0,
img000069.jpg,metfaces/images/img000069.jpg,0,
img000070.jpg,metfaces/images/img000070.jpg,0,
img000071.jpg,metfaces/images/img000071.jpg,0,
img000072.jpg,metfaces/images/img000072.jpg,0,
img000073.jpg,metfaces/images/img000073.jpg,0,
img000074.jpg,metfaces/images/img000074.jpg,0,
img000075.jpg,metfaces/images/img000075.jpg,0,
img000076.jpg,metfaces/images/img000076.jpg,0,
img000077.jpg,metfaces/images/img000077.jpg,0,
img000078.jpg,metfaces/images/img000078.jpg,0,
img000079.jpg,metfaces/images/img000079.jpg,0,
img000080.jpg,metfaces/images/img000080.jpg,0,
img000081.jpg,metfaces/images/img000081.jpg,0,
img000082.jpg,metfaces/images/img000082.jpg,0,
img000083.jpg,metfaces/images/img000083.jpg,0,
img000084.jpg,metfaces/images/img000084.jpg,0,
img000085.jpg,metfaces/images/img000085.jpg,0,
img000086.jpg,metfaces/images/img000086.jpg,0,
img000087.jpg,metfaces/images/img000087.jpg,0,
img000088.jpg,metfaces/images/img000088.jpg,0,
img000089.jpg,metfaces/images/img000089.jpg,0,
img000090.jpg,metfaces/images/img000090.jpg,0,
img000091.jpg,metfaces/images/img000091.jpg,0,
img000092.jpg,metfaces/images/img000092.jpg,0,
img000093.jpg,metfaces/images/img000093.jpg,0,
img000094.jpg,metfaces/images/img000094.jpg,0,
img000095.jpg,metfaces/images/img000095.jpg,0,
img000096.jpg,metfaces/images/img000096.jpg,0,
img000097.jpg,metfaces/images/img000097.jpg,0,
img000098.jpg,metfaces/images/img000098.jpg,0,
img000099.jpg,metfaces/images/img000099.jpg,0,
img000100.jpg,metfaces/images/img000100.jpg,0,
img000101.jpg,metfaces/images/img000101.jpg,0,
img000102.jpg,metfaces/images/img000102.jpg,0,
img000103.jpg,metfaces/images/img000103.jpg,0,
img000104.jpg,metfaces/images/img000104.jpg,0,
img000105.jpg,metfaces/images/img000105.jpg,0,
img000106.jpg,metfaces/images/img000106.jpg,0,
img000107.jpg,metfaces/images/img000107.jpg,0,
img000108.jpg,metfaces/images/img000108.jpg,0,
img000109.jpg,metfaces/images/img000109.jpg,0,
img000110.jpg,metfaces/images/img000110.jpg,0,
img000111.jpg,metfaces/images/img000111.jpg,0,
img000112.jpg,metfaces/images/img000112.jpg,0,
img000113.jpg,metfaces/images/img000113.jpg,0,
img000114.jpg,metfaces/images/img000114.jpg,0,
img000115.jpg,metfaces/images/img000115.jpg,0,
img000116.jpg,metfaces/images/img000116.jpg,0,
img000117.jpg,metfaces/images/img000117.jpg,0,
img000118.jpg,metfaces/images/img000118.jpg,0,
img000119.jpg,metfaces/images/img000119.jpg,0,
img000120.jpg,metfaces/images/img000120.jpg,0,
img000121.jpg,metfaces/images/img000121.jpg,0,
img000122.jpg,metfaces/images/img000122.jpg,0,
img000123.jpg,metfaces/images/img000123.jpg,0,
img000124.jpg,metfaces/images/img000124.jpg,0,
img000125.jpg,metfaces/images/img000125.jpg,0,
img000126.jpg,metfaces/images/img000126.jpg,0,
img000127.jpg,metfaces/images/img000127.jpg,0,
img000128.jpg,metfaces/images/img000128.jpg,0,
img000129.jpg,metfaces/images/img000129.jpg,0,
img000130.jpg,metfaces/images/img000130.jpg,0,
img000131.jpg,metfaces/images/img000131.jpg,0,
img000132.jpg,metfaces/images/img000132.jpg,0,
img000133.jpg,metfaces/images/img000133.jpg,0,
img000134.jpg,metfaces/images/img000134.jpg,0,
img000135.jpg,metfaces/images/img000135.jpg,0,
img000136.jpg,metfaces/images/img000136.jpg,0,
img000137.jpg,metfaces/images/img000137.jpg,0,
img000138.jpg,metfaces/images/img000138.jpg,0,
img000139.jpg,metfaces/images/img000139.jpg,0,
img000140.jpg,metfaces/images/img000140.jpg,0,
img000141.jpg,metfaces/images/img000141.jpg,0,
img000142.jpg,metfaces/images/img000142.jpg,0,
img000143.jpg,metfaces/images/img000143.jpg,0,
img000144.jpg,metfaces/images/img000144.jpg,0,
img000145.jpg,metfaces/images/img000145.jpg,0,
img000146.jpg,metfaces/images/img000146.jpg,0,
img000147.jpg,metfaces/images/img000147.jpg,0,
img000148.jpg,metfaces/images/img000148.jpg,0,
img000149.jpg,metfaces/images/img000149.jpg,0,
img000150.jpg,metfaces/images/img000150.jpg,0,
img000151.jpg,metfaces/images/img000151.jpg,0,
img000152.jpg,metfaces/images/img000152.jpg,0,
img000153.jpg,metfaces/images/img000153.jpg,0,
img000154.jpg,metfaces/images/img000154.jpg,0,
img000155.jpg,metfaces/images/img000155.jpg,0,
img000156.jpg,metfaces/images/img000156.jpg,0,
img000157.jpg,metfaces/images/img000157.jpg,0,
img000158.jpg,metfaces/images/img000158.jpg,0,
img000159.jpg,metfaces/images/img000159.jpg,0,
img000160.jpg,metfaces/images/img000160.jpg,0,
img000161.jpg,metfaces/images/img000161.jpg,0,
img000162.jpg,metfaces/images/img000162.jpg,0,
img000163.jpg,metfaces/images/img000163.jpg,0,
img000164.jpg,metfaces/images/img000164.jpg,0,
img000165.jpg,metfaces/images/img000165.jpg,0,
img000166.jpg,metfaces/images/img000166.jpg,0,
img000167.jpg,metfaces/images/img000167.jpg,0,
img000168.jpg,metfaces/images/img000168.jpg,0,
img000169.jpg,metfaces/images/img000169.jpg,0,
img000170.jpg,metfaces/images/img000170.jpg,0,
img000171.jpg,metfaces/images/img000171.jpg,0,
img000172.jpg,metfaces/images/img000172.jpg,0,
img000173.jpg,metfaces/images/img000173.jpg,0,
img000174.jpg,metfaces/images/img000174.jpg,0,
img000175.jpg,metfaces/images/img000175.jpg,0,
img000176.jpg,metfaces/images/img000176.jpg,0,
img000177.jpg,metfaces/images/img000177.jpg,0,
img000178.jpg,metfaces/images/img000178.jpg,0,
img000179.jpg,metfaces/images/img000179.jpg,0,
img000180.jpg,metfaces/images/img000180.jpg,0,
img000181.jpg,metfaces/images/img000181.jpg,0,
img000182.jpg,metfaces/images/img000182.jpg,0,
img000183.jpg,metfaces/images/img000183.jpg,0,
img000184.jpg,metfaces/images/img000184.jpg,0,
img000185.jpg,metfaces/images/img000185.jpg,0,
img000186.jpg,metfaces/images/img000186.jpg,0,
img000187.jpg,metfaces/images/img000187.jpg,0,
img000188.jpg,metfaces/images/img000188.jpg,0,
img000189.jpg,metfaces/images/img000189.jpg,0,
img000190.jpg,metfaces/images/img000190.jpg,0,
img000191.jpg,metfaces/images/img000191.jpg,0,
img000192.jpg,metfaces/images/img000192.jpg,0,
img000193.jpg,metfaces/images/img000193.jpg,0,
img000194.jpg,metfaces/images/img000194.jpg,0,
img000195.jpg,metfaces/images/img000195.jpg,0,
img000196.jpg,metfaces/images/img000196.jpg,0,
img000197.jpg,metfaces/images/img000197.jpg,0,
img000198.jpg,metfaces/images/img000198.jpg,0,
img000199.jpg,metfaces/images/img000199.jpg,0,
img000200.jpg,metfaces/images/img000200.jpg,0,
img000201.jpg,metfaces/images/img000201.jpg,0,
img000202.jpg,metfaces/images/img000202.jpg,0,
img000203.jpg,metfaces/images/img000203.jpg,0,
img000204.jpg,metfaces/images/img000204.jpg,0,
img000205.jpg,metfaces/images/img000205.jpg,0,
img000206.jpg,metfaces/images/img000206.jpg,0,
img000207.jpg,metfaces/images/img000207.jpg,0,
img000208.jpg,metfaces/images/img000208.jpg,0,
img000209.jpg,metfaces/images/img000209.jpg,0,
img000210.jpg,metfaces/images/img000210.jpg,0,
img000211.jpg,metfaces/images/img000211.jpg,0,
img000212.jpg,metfaces/images/img000212.jpg,0,
img000213.jpg,metfaces/images/img000213.jpg,0,
img000214.jpg,metfaces/images/img000214.jpg,0,
img000215.jpg,metfaces/images/img000215.jpg,0,
img000216.jpg,metfaces/images/img000216.jpg,0,
img000217.jpg,metfaces/images/img000217.jpg,0,
img000218.jpg,metfaces/images/img000218.jpg,0,
img000219.jpg,metfaces/images/img000219.jpg,0,
img000220.jpg,metfaces/images/img000220.jpg,0,
img000221.jpg,metfaces/images/img000221.jpg,0,
img000222.jpg,metfaces/images/img000222.jpg,0,
img000223.jpg,metfaces/images/img000223.jpg,0,
img000224.jpg,metfaces/images/img000224.jpg,0,
img000225.jpg,metfaces/images/img000225.jpg,0,
img000226.jpg,metfaces/images/img000226.jpg,0,
img000227.jpg,metfaces/images/img000227.jpg,0,
img000228.jpg,metfaces/images/img000228.jpg,0,
img000229.jpg,metfaces/images/img000229.jpg,0,
img000230.jpg,metfaces/images/img000230.jpg,0,
img000231.jpg,metfaces/images/img000231.jpg,0,
img000232.jpg,metfaces/images/img000232.jpg,0,
img000233.jpg,metfaces/images/img000233.jpg,0,
img000234.jpg,metfaces/images/img000234.jpg,0,
img000235.jpg,metfaces/images/img000235.jpg,0,
img000236.jpg,metfaces/images/img000236.jpg,0,
img000237.jpg,metfaces/images/img000237.jpg,0,
img000238.jpg,metfaces/images/img000238.jpg,0,
img000239.jpg,metfaces/images/img000239.jpg,0,
img000240.jpg,metfaces/images/img000240.jpg,0,
img000241.jpg,metfaces/images/img000241.jpg,0,
img000242.jpg,metfaces/images/img000242.jpg,0,
img000243.jpg,metfaces/images/img000243.jpg,0,
img000244.jpg,metfaces/images/img000244.jpg,0,
img000245.jpg,metfaces/images/img000245.jpg,0,
img000246.jpg,metfaces/images/img000246.jpg,0,
img000247.jpg,metfaces/images/img000247.jpg,0,
img000248.jpg,metfaces/images/img000248.jpg,0,
img000249.jpg,metfaces/images/img000249.jpg,0,
img000250.jpg,metfaces/images/img000250.jpg,0,
img000251.jpg,metfaces/images/img000251.jpg,0,
img000252.jpg,metfaces/images/img000252.jpg,0,
img000253.jpg,metfaces/images/img000253.jpg,0,
img000254.jpg,metfaces/images/img000254.jpg,0,
img000255.jpg,metfaces/images/img000255.jpg,0,
img000256.jpg,metfaces/images/img000256.jpg,0,
img000257.jpg,metfaces/images/img000257.jpg,0,
img000258.jpg,metfaces/images/img000258.jpg,0,
img000259.jpg,metfaces/images/img000259.jpg,0,
img000260.jpg,metfaces/images/img000260.jpg,0,
img000261.jpg,metfaces/images/img000261.jpg,0,
img000262.jpg,metfaces/images/img000262.jpg,0,
img000263.jpg,metfaces/images/img000263.jpg,0,
img000264.jpg,metfaces/images/img000264.jpg,0,
img000265.jpg,metfaces/images/img000265.jpg,0,
img000266.jpg,metfaces/images/img000266.jpg,0,
img000267.jpg,metfaces/images/img000267.jpg,0,
img000268.jpg,metfaces/images/img000268.jpg,0,
img000269.jpg,metfaces/images/img000269.jpg,0,
img000270.jpg,metfaces/images/img000270.jpg,0,
img000271.jpg,metfaces/images/img000271.jpg,0,
img000272.jpg,metfaces/images/img000272.jpg,0,
img000273.jpg,metfaces/images/img000273.jpg,0,
img000274.jpg,metfaces/images/img000274.jpg,0,
img000275.jpg,metfaces/images/img000275.jpg,0,
img000276.jpg,metfaces/images/img000276.jpg,0,
img000277.jpg,metfaces/images/img000277.jpg,0,
img000278.jpg,metfaces/images/img000278.jpg,0,
img000279.jpg,metfaces/images/img000279.jpg,0,
img000280.jpg,metfaces/images/img000280.jpg,0,
img000281.jpg,metfaces/images/img000281.jpg,0,
img000282.jpg,metfaces/images/img000282.jpg,0,
img000283.jpg,metfaces/images/img000283.jpg,0,
img000284.jpg,metfaces/images/img000284.jpg,0,
img000285.jpg,metfaces/images/img000285.jpg,0,
img000286.jpg,metfaces/images/img000286.jpg,0,
img000287.jpg,metfaces/images/img000287.jpg,0,
img000288.jpg,metfaces/images/img000288.jpg,0,
img000289.jpg,metfaces/images/img000289.jpg,0,
img000290.jpg,metfaces/images/img000290.jpg,0,
img000291.jpg,metfaces/images/img000291.jpg,0,
img000292.jpg,metfaces/images/img000292.jpg,0,
img000293.jpg,metfaces/images/img000293.jpg,0,
img000294.jpg,metfaces/images/img000294.jpg,0,
img000295.jpg,metfaces/images/img000295.jpg,0,
img000296.jpg,metfaces/images/img000296.jpg,0,
img000297.jpg,metfaces/images/img000297.jpg,0,
img000298.jpg,metfaces/images/img000298.jpg,0,
img000299.jpg,metfaces/images/img000299.jpg,0,
img000300.jpg,metfaces/images/img000300.jpg,0,
img000301.jpg,metfaces/images/img000301.jpg,0,
img000302.jpg,metfaces/images/img000302.jpg,0,
img000303.jpg,metfaces/images/img000303.jpg,0,
img000304.jpg,metfaces/images/img000304.jpg,0,
img000305.jpg,metfaces/images/img000305.jpg,0,
img000306.jpg,metfaces/images/img000306.jpg,0,
img000307.jpg,metfaces/images/img000307.jpg,0,
img000308.jpg,metfaces/images/img000308.jpg,0,
img000309.jpg,metfaces/images/img000309.jpg,0,
img000310.jpg,metfaces/images/img000310.jpg,0,
img000311.jpg,metfaces/images/img000311.jpg,0,
img000312.jpg,metfaces/images/img000312.jpg,0,
img000313.jpg,metfaces/images/img000313.jpg,0,
img000314.jpg,metfaces/images/img000314.jpg,0,
img000315.jpg,metfaces/images/img000315.jpg,0,
img000316.jpg,metfaces/images/img000316.jpg,0,
img000317.jpg,metfaces/images/img000317.jpg,0,
img000318.jpg,metfaces/images/img000318.jpg,0,
img000319.jpg,metfaces/images/img000319.jpg,0,
img000320.jpg,metfaces/images/img000320.jpg,0,
img000321.jpg,metfaces/images/img000321.jpg,0,
img000322.jpg,metfaces/images/img000322.jpg,0,
img000323.jpg,metfaces/images/img000323.jpg,0,
img000324.jpg,metfaces/images/img000324.jpg,0,
img000325.jpg,metfaces/images/img000325.jpg,0,
img000326.jpg,metfaces/images/img000326.jpg,0,
img000327.jpg,metfaces/images/img000327.jpg,0,
img000328.jpg,metfaces/images/img000328.jpg,0,
img000329.jpg,metfaces/images/img000329.jpg,0,
img000330.jpg,metfaces/images/img000330.jpg,0,
img000331.jpg,metfaces/images/img000331.jpg,0,
img000332.jpg,metfaces/images/img000332.jpg,0,
img000333.jpg,metfaces/images/img000333.jpg,0,
img000334.jpg,metfaces/images/img000334.jpg,0,
img000335.jpg,metfaces/images/img000335.jpg,0,
img000336.jpg,metfaces/images/img000336.jpg,0,
img000337.jpg,metfaces/images/img000337.jpg,0,
img000338.jpg,metfaces/images/img000338.jpg,0,
img000339.jpg,metfaces/images/img000339.jpg,0,
img000340.jpg,metfaces/images/img000340.jpg,0,
img000341.jpg,metfaces/images/img000341.jpg,0,
img000342.jpg,metfaces/images/img000342.jpg,0,
img000343.jpg,metfaces/images/img000343.jpg,0,
img000344.jpg,metfaces/images/img000344.jpg,0,
img000345.jpg,metfaces/images/img000345.jpg,0,
img000346.jpg,metfaces/images/img000346.jpg,0,
img000347.jpg,metfaces/images/img000347.jpg,0,
img000348.jpg,metfaces/images/img000348.jpg,0,
img000349.jpg,metfaces/images/img000349.jpg,0,
img000350.jpg,metfaces/images/img000350.jpg,0,
img000351.jpg,metfaces/images/img000351.jpg,0,
img000352.jpg,metfaces/images/img000352.jpg,0,
img000353.jpg,metfaces/images/img000353.jpg,0,
img000354.jpg,metfaces/images/img000354.jpg,0,
img000355.jpg,metfaces/images/img000355.jpg,0,
img000356.jpg,metfaces/images/img000356.jpg,0,
img000357.jpg,metfaces/images/img000357.jpg,0,
img000358.jpg,metfaces/images/img000358.jpg,0,
img000359.jpg,metfaces/images/img000359.jpg,0,
img000360.jpg,metfaces/images/img000360.jpg,0,
img000361.jpg,metfaces/images/img000361.jpg,0,
img000362.jpg,metfaces/images/img000362.jpg,0,
img000363.jpg,metfaces/images/img000363.jpg,0,
img000364.jpg,metfaces/images/img000364.jpg,0,
img000365.jpg,metfaces/images/img000365.jpg,0,
img000366.jpg,metfaces/images/img000366.jpg,0,
img000367.jpg,metfaces/images/img000367.jpg,0,
img000368.jpg,metfaces/images/img000368.jpg,0,
img000369.jpg,metfaces/images/img000369.jpg,0,
img000370.jpg,metfaces/images/img000370.jpg,0,
img000371.jpg,metfaces/images/img000371.jpg,0,
img000372.jpg,metfaces/images/img000372.jpg,0,
img000373.jpg,metfaces/images/img000373.jpg,0,
img000374.jpg,metfaces/images/img000374.jpg,0,
img000375.jpg,metfaces/images/img000375.jpg,0,
img000376.jpg,metfaces/images/img000376.jpg,0,
img000377.jpg,metfaces/images/img000377.jpg,0,
img000378.jpg,metfaces/images/img000378.jpg,0,
img000379.jpg,metfaces/images/img000379.jpg,0,
img000380.jpg,metfaces/images/img000380.jpg,0,
img000381.jpg,metfaces/images/img000381.jpg,0,
img000382.jpg,metfaces/images/img000382.jpg,0,
img000383.jpg,metfaces/images/img000383.jpg,0,
img000384.jpg,metfaces/images/img000384.jpg,0,
img000385.jpg,metfaces/images/img000385.jpg,0,
img000386.jpg,metfaces/images/img000386.jpg,0,
img000387.jpg,metfaces/images/img000387.jpg,0,
img000388.jpg,metfaces/images/img000388.jpg,0,
img000389.jpg,metfaces/images/img000389.jpg,0,
img000390.jpg,metfaces/images/img000390.jpg,0,
img000391.jpg,metfaces/images/img000391.jpg,0,
img000392.jpg,metfaces/images/img000392.jpg,0,
img000393.jpg,metfaces/images/img000393.jpg,0,
img000394.jpg,metfaces/images/img000394.jpg,0,
img000395.jpg,metfaces/images/img000395.jpg,0,
img000396.jpg,metfaces/images/img000396.jpg,0,
img000397.jpg,metfaces/images/img000397.jpg,0,
img000398.jpg,metfaces/images/img000398.jpg,0,
img000399.jpg,metfaces/images/img000399.jpg,0,
img000400.jpg,metfaces/images/img000400.jpg,0,
img000401.jpg,metfaces/images/img000401.jpg,0,
img000402.jpg,metfaces/images/img000402.jpg,0,
img000403.jpg,metfaces/images/img000403.jpg,0,
img000404.jpg,metfaces/images/img000404.jpg,0,
img000405.jpg,metfaces/images/img000405.jpg,0,
img000406.jpg,metfaces/images/img000406.jpg,0,
img000407.jpg,metfaces/images/img000407.jpg,0,
img000408.jpg,metfaces/images/img000408.jpg,0,
img000409.jpg,metfaces/images/img000409.jpg,0,
img000410.jpg,metfaces/images/img000410.jpg,0,
img000411.jpg,metfaces/images/img000411.jpg,0,
img000412.jpg,metfaces/images/img000412.jpg,0,
img000413.jpg,metfaces/images/img000413.jpg,0,
img000414.jpg,metfaces/images/img000414.jpg,0,
img000415.jpg,metfaces/images/img000415.jpg,0,
img000416.jpg,metfaces/images/img000416.jpg,0,
img000417.jpg,metfaces/images/img000417.jpg,0,
img000418.jpg,metfaces/images/img000418.jpg,0,
img000419.jpg,metfaces/images/img000419.jpg,0,
img000420.jpg,metfaces/images/img000420.jpg,0,
img000421.jpg,metfaces/images/img000421.jpg,0,
img000422.jpg,metfaces/images/img000422.jpg,0,
img000423.jpg,metfaces/images/img000423.jpg,0,
img000424.jpg,metfaces/images/img000424.jpg,0,
img000425.jpg,metfaces/images/img000425.jpg,0,
img000426.jpg,metfaces/images/img000426.jpg,0,
img000427.jpg,metfaces/images/img000427.jpg,0,
img000428.jpg,metfaces/images/img000428.jpg,0,
img000429.jpg,metfaces/images/img000429.jpg,0,
img000430.jpg,metfaces/images/img000430.jpg,0,
img000431.jpg,metfaces/images/img000431.jpg,0,
img000432.jpg,metfaces/images/img000432.jpg,0,
img000433.jpg,metfaces/images/img000433.jpg,0,
img000434.jpg,metfaces/images/img000434.jpg,0,
img000435.jpg,metfaces/images/img000435.jpg,0,
img000436.jpg,metfaces/images/img000436.jpg,0,
img000437.jpg,metfaces/images/img000437.jpg,0,
img000438.jpg,metfaces/images/img000438.jpg,0,
img000439.jpg,metfaces/images/img000439.jpg,0,
img000440.jpg,metfaces/images/img000440.jpg,0,
img000441.jpg,metfaces/images/img000441.jpg,0,
img000442.jpg,metfaces/images/img000442.jpg,0,
img000443.jpg,metfaces/images/img000443.jpg,0,
img000444.jpg,metfaces/images/img000444.jpg,0,
img000445.jpg,metfaces/images/img000445.jpg,0,
img000446.jpg,metfaces/images/img000446.jpg,0,
img000447.jpg,metfaces/images/img000447.jpg,0,
img000448.jpg,metfaces/images/img000448.jpg,0,
img000449.jpg,metfaces/images/img000449.jpg,0,
img000450.jpg,metfaces/images/img000450.jpg,0,
img000451.jpg,metfaces/images/img000451.jpg,0,
img000452.jpg,metfaces/images/img000452.jpg,0,
img000453.jpg,metfaces/images/img000453.jpg,0,
img000454.jpg,metfaces/images/img000454.jpg,0,
img000455.jpg,metfaces/images/img000455.jpg,0,
img000456.jpg,metfaces/images/img000456.jpg,0,
img000457.jpg,metfaces/images/img000457.jpg,0,
img000458.jpg,metfaces/images/img000458.jpg,0,
img000459.jpg,metfaces/images/img000459.jpg,0,
img000460.jpg,metfaces/images/img000460.jpg,0,
img000461.jpg,metfaces/images/img000461.jpg,0,
img000462.jpg,metfaces/images/img000462.jpg,0,
img000463.jpg,metfaces/images/img000463.jpg,0,
img000464.jpg,metfaces/images/img000464.jpg,0,
img000465.jpg,metfaces/images/img000465.jpg,0,
img000466.jpg,metfaces/images/img000466.jpg,0,
img000467.jpg,metfaces/images/img000467.jpg,0,
img000468.jpg,metfaces/images/img000468.jpg,0,
img000469.jpg,metfaces/images/img000469.jpg,0,
img000470.jpg,metfaces/images/img000470.jpg,0,
img000471.jpg,metfaces/images/img000471.jpg,0,
img000472.jpg,metfaces/images/img000472.jpg,0,
img000473.jpg,metfaces/images/img000473.jpg,0,
img000474.jpg,metfaces/images/img000474.jpg,0,
img000475.jpg,metfaces/images/img000475.jpg,0,
img000476.jpg,metfaces/images/img000476.jpg,0,
img000477.jpg,metfaces/images/img000477.jpg,0,
img000478.jpg,metfaces/images/img000478.jpg,0,
img000479.jpg,metfaces/images/img000479.jpg,0,
img000480.jpg,metfaces/images/img000480.jpg,0,
img000481.jpg,metfaces/images/img000481.jpg,0,
img000482.jpg,metfaces/images/img000482.jpg,0,
img000483.jpg,metfaces/images/img000483.jpg,0,
img000484.jpg,metfaces/images/img000484.jpg,0,
img000485.jpg,metfaces/images/img000485.jpg,0,
img000486.jpg,metfaces/images/img000486.jpg,0,
img000487.jpg,metfaces/images/img000487.jpg,0,
img000488.jpg,metfaces/images/img000488.jpg,0,
img000489.jpg,metfaces/images/img000489.jpg,0,
img000490.jpg,metfaces/images/img000490.jpg,0,
img000491.jpg,metfaces/images/img000491.jpg,0,
img000492.jpg,metfaces/images/img000492.jpg,0,
img000493.jpg,metfaces/images/img000493.jpg,0,
img000494.jpg,metfaces/images/img000494.jpg,0,
img000495.jpg,metfaces/images/img000495.jpg,0,
img000496.jpg,metfaces/images/img000496.jpg,0,
img000497.jpg,metfaces/images/img000497.jpg,0,
img000498.jpg,metfaces/images/img000498.jpg,0,
img000499.jpg,metfaces/images/img000499.jpg,0,
img000500.jpg,metfaces/images/img000500.jpg,0,
img000501.jpg,metfaces/images/img000501.jpg,0,
img000502.jpg,metfaces/images/img000502.jpg,0,
img000503.jpg,metfaces/images/img000503.jpg,0,
img000504.jpg,metfaces/images/img000504.jpg,0,
img000505.jpg,metfaces/images/img000505.jpg,0,
img000506.jpg,metfaces/images/img000506.jpg,0,
img000507.jpg,metfaces/images/img000507.jpg,0,
img000508.jpg,metfaces/images/img000508.jpg,0,
img000509.jpg,metfaces/images/img000509.jpg,0,
img000510.jpg,metfaces/images/img000510.jpg,0,
img000511.jpg,metfaces/images/img000511.jpg,0,
img000512.jpg,metfaces/images/img000512.jpg,0,
img000513.jpg,metfaces/images/img000513.jpg,0,
img000514.jpg,metfaces/images/img000514.jpg,0,
img000515.jpg,metfaces/images/img000515.jpg,0,
img000516.jpg,metfaces/images/img000516.jpg,0,
img000517.jpg,metfaces/images/img000517.jpg,0,
img000518.jpg,metfaces/images/img000518.jpg,0,
img000519.jpg,metfaces/images/img000519.jpg,0,
img000520.jpg,metfaces/images/img000520.jpg,0,
img000521.jpg,metfaces/images/img000521.jpg,0,
img000522.jpg,metfaces/images/img000522.jpg,0,
img000523.jpg,metfaces/images/img000523.jpg,0,
img000524.jpg,metfaces/images/img000524.jpg,0,
img000525.jpg,metfaces/images/img000525.jpg,0,
img000526.jpg,metfaces/images/img000526.jpg,0,
img000527.jpg,metfaces/images/img000527.jpg,0,
img000528.jpg,metfaces/images/img000528.jpg,0,
img000529.jpg,metfaces/images/img000529.jpg,0,
img000530.jpg,metfaces/images/img000530.jpg,0,
img000531.jpg,metfaces/images/img000531.jpg,0,
img000532.jpg,metfaces/images/img000532.jpg,0,
img000533.jpg,metfaces/images/img000533.jpg,0,
img000534.jpg,metfaces/images/img000534.jpg,0,
img000535.jpg,metfaces/images/img000535.jpg,0,
img000536.jpg,metfaces/images/img000536.jpg,0,
img000537.jpg,metfaces/images/img000537.jpg,0,
img000538.jpg,metfaces/images/img000538.jpg,0,
img000539.jpg,metfaces/images/img000539.jpg,0,
img000540.jpg,metfaces/images/img000540.jpg,0,
img000541.jpg,metfaces/images/img000541.jpg,0,
img000542.jpg,metfaces/images/img000542.jpg,0,
img000543.jpg,metfaces/images/img000543.jpg,0,
img000544.jpg,metfaces/images/img000544.jpg,0,
img000545.jpg,metfaces/images/img000545.jpg,0,
img000546.jpg,metfaces/images/img000546.jpg,0,
img000547.jpg,metfaces/images/img000547.jpg,0,
img000548.jpg,metfaces/images/img000548.jpg,0,
img000549.jpg,metfaces/images/img000549.jpg,0,
img000550.jpg,metfaces/images/img000550.jpg,0,
img000551.jpg,metfaces/images/img000551.jpg,0,
img000552.jpg,metfaces/images/img000552.jpg,0,
img000553.jpg,metfaces/images/img000553.jpg,0,
img000554.jpg,metfaces/images/img000554.jpg,0,
img000555.jpg,metfaces/images/img000555.jpg,0,
img000556.jpg,metfaces/images/img000556.jpg,0,
img000557.jpg,metfaces/images/img000557.jpg,0,
img000558.jpg,metfaces/images/img000558.jpg,0,
img000559.jpg,metfaces/images/img000559.jpg,0,
img000560.jpg,metfaces/images/img000560.jpg,0,
img000561.jpg,metfaces/images/img000561.jpg,0,
img000562.jpg,metfaces/images/img000562.jpg,0,
img000563.jpg,metfaces/images/img000563.jpg,0,
img000564.jpg,metfaces/images/img000564.jpg,0,
img000565.jpg,metfaces/images/img000565.jpg,0,
img000566.jpg,metfaces/images/img000566.jpg,0,
img000567.jpg,metfaces/images/img000567.jpg,0,
img000568.jpg,metfaces/images/img000568.jpg,0,
img000569.jpg,metfaces/images/img000569.jpg,0,
img000570.jpg,metfaces/images/img000570.jpg,0,
img000571.jpg,metfaces/images/img000571.jpg,0,
img000572.jpg,metfaces/images/img000572.jpg,0,
img000573.jpg,metfaces/images/img000573.jpg,0,
img000574.jpg,metfaces/images/img000574.jpg,0,
img000575.jpg,metfaces/images/img000575.jpg,0,
img000576.jpg,metfaces/images/img000576.jpg,0,
img000577.jpg,metfaces/images/img000577.jpg,0,
img000578.jpg,metfaces/images/img000578.jpg,0,
img000579.jpg,metfaces/images/img000579.jpg,0,
img000580.jpg,metfaces/images/img000580.jpg,0,
img000581.jpg,metfaces/images/img000581.jpg,0,
img000582.jpg,metfaces/images/img000582.jpg,0,
img000583.jpg,metfaces/images/img000583.jpg,0,
img000584.jpg,metfaces/images/img000584.jpg,0,
img000585.jpg,metfaces/images/img000585.jpg,0,
img000586.jpg,metfaces/images/img000586.jpg,0,
img000587.jpg,metfaces/images/img000587.jpg,0,
img000588.jpg,metfaces/images/img000588.jpg,0,
img000589.jpg,metfaces/images/img000589.jpg,0,
img000590.jpg,metfaces/images/img000590.jpg,0,
img000591.jpg,metfaces/images/img000591.jpg,0,
img000592.jpg,metfaces/images/img000592.jpg,0,
img000593.jpg,metfaces/images/img000593.jpg,0,
img000594.jpg,metfaces/images/img000594.jpg,0,
img000595.jpg,metfaces/images/img000595.jpg,0,
img000596.jpg,metfaces/images/img000596.jpg,0,
img000597.jpg,metfaces/images/img000597.jpg,0,
img000598.jpg,metfaces/images/img000598.jpg,0,
img000599.jpg,metfaces/images/img000599.jpg,0,
img000600.jpg,metfaces/images/img000600.jpg,0,
img000601.jpg,metfaces/images/img000601.jpg,0,
img000602.jpg,metfaces/images/img000602.jpg,0,
img000603.jpg,metfaces/images/img000603.jpg,0,
img000604.jpg,metfaces/images/img000604.jpg,0,
img000605.jpg,metfaces/images/img000605.jpg,0,
img000606.jpg,metfaces/images/img000606.jpg,0,
img000607.jpg,metfaces/images/img000607.jpg,0,
img000608.jpg,metfaces/images/img000608.jpg,0,
img000609.jpg,metfaces/images/img000609.jpg,0,
img000610.jpg,metfaces/images/img000610.jpg,0,
img000611.jpg,metfaces/images/img000611.jpg,0,
img000612.jpg,metfaces/images/img000612.jpg,0,
img000613.jpg,metfaces/images/img000613.jpg,0,
img000614.jpg,metfaces/images/img000614.jpg,0,
img000615.jpg,metfaces/images/img000615.jpg,0,
img000616.jpg,metfaces/images/img000616.jpg,0,
img000617.jpg,metfaces/images/img000617.jpg,0,
img000618.jpg,metfaces/images/img000618.jpg,0,
img000619.jpg,metfaces/images/img000619.jpg,0,
img000620.jpg,metfaces/images/img000620.jpg,0,
img000621.jpg,metfaces/images/img000621.jpg,0,
img000622.jpg,metfaces/images/img000622.jpg,0,
img000623.jpg,metfaces/images/img000623.jpg,0,
img000624.jpg,metfaces/images/img000624.jpg,0,
img000625.jpg,metfaces/images/img000625.jpg,0,
img000626.jpg,metfaces/images/img000626.jpg,0,
img000627.jpg,metfaces/images/img000627.jpg,0,
img000628.jpg,metfaces/images/img000628.jpg,0,
img000629.jpg,metfaces/images/img000629.jpg,0,
img000630.jpg,metfaces/images/img000630.jpg,0,
img000631.jpg,metfaces/images/img000631.jpg,0,
img000632.jpg,metfaces/images/img000632.jpg,0,
img000633.jpg,metfaces/images/img000633.jpg,0,
img000634.jpg,metfaces/images/img000634.jpg,0,
img000635.jpg,metfaces/images/img000635.jpg,0,
img000636.jpg,metfaces/images/img000636.jpg,0,
img000637.jpg,metfaces/images/img000637.jpg,0,
img000638.jpg,metfaces/images/img000638.jpg,0,
img000639.jpg,metfaces/images/img000639.jpg,0,
img000640.jpg,metfaces/images/img000640.jpg,0,
img000641.jpg,metfaces/images/img000641.jpg,0,
img000642.jpg,metfaces/images/img000642.jpg,0,
img000643.jpg,metfaces/images/img000643.jpg,0,
img000644.jpg,metfaces/images/img000644.jpg,0,
img000645.jpg,metfaces/images/img000645.jpg,0,
img000646.jpg,metfaces/images/img000646.jpg,0,
img000647.jpg,metfaces/images/img000647.jpg,0,
img000648.jpg,metfaces/images/img000648.jpg,0,
img000649.jpg,metfaces/images/img000649.jpg,0,
img000650.jpg,metfaces/images/img000650.jpg,0,
img000651.jpg,metfaces/images/img000651.jpg,0,
img000652.jpg,metfaces/images/img000652.jpg,0,
img000653.jpg,metfaces/images/img000653.jpg,0,
img000654.jpg,metfaces/images/img000654.jpg,0,
img000655.jpg,metfaces/images/img000655.jpg,0,
img000656.jpg,metfaces/images/img000656.jpg,0,
img000657.jpg,metfaces/images/img000657.jpg,0,
img000658.jpg,metfaces/images/img000658.jpg,0,
img000659.jpg,metfaces/images/img000659.jpg,0,
img000660.jpg,metfaces/images/img000660.jpg,0,
img000661.jpg,metfaces/images/img000661.jpg,0,
img000662.jpg,metfaces/images/img000662.jpg,0,
img000663.jpg,metfaces/images/img000663.jpg,0,
img000664.jpg,metfaces/images/img000664.jpg,0,
img000665.jpg,metfaces/images/img000665.jpg,0,
img000666.jpg,metfaces/images/img000666.jpg,0,
img000667.jpg,metfaces/images/img000667.jpg,0,
img000668.jpg,metfaces/images/img000668.jpg,0,
img000669.jpg,metfaces/images/img000669.jpg,0,
img000670.jpg,metfaces/images/img000670.jpg,0,
img000671.jpg,metfaces/images/img000671.jpg,0,
img000672.jpg,metfaces/images/img000672.jpg,0,
img000673.jpg,metfaces/images/img000673.jpg,0,
img000674.jpg,metfaces/images/img000674.jpg,0,
img000675.jpg,metfaces/images/img000675.jpg,0,
img000676.jpg,metfaces/images/img000676.jpg,0,
img000677.jpg,metfaces/images/img000677.jpg,0,
img000678.jpg,metfaces/images/img000678.jpg,0,
img000679.jpg,metfaces/images/img000679.jpg,0,
img000680.jpg,metfaces/images/img000680.jpg,0,
img000681.jpg,metfaces/images/img000681.jpg,0,
img000682.jpg,metfaces/images/img000682.jpg,0,
img000683.jpg,metfaces/images/img000683.jpg,0,
img000684.jpg,metfaces/images/img000684.jpg,0,
img000685.jpg,metfaces/images/img000685.jpg,0,
img000686.jpg,metfaces/images/img000686.jpg,0,
img000687.jpg,metfaces/images/img000687.jpg,0,
img000688.jpg,metfaces/images/img000688.jpg,0,
img000689.jpg,metfaces/images/img000689.jpg,0,
img000690.jpg,metfaces/images/img000690.jpg,0,
img000691.jpg,metfaces/images/img000691.jpg,0,
img000692.jpg,metfaces/images/img000692.jpg,0,
img000693.jpg,metfaces/images/img000693.jpg,0,
img000694.jpg,metfaces/images/img000694.jpg,0,
img000695.jpg,metfaces/images/img000695.jpg,0,
img000696.jpg,metfaces/images/img000696.jpg,0,
img000697.jpg,metfaces/images/img000697.jpg,0,
img000698.jpg,metfaces/images/img000698.jpg,0,
img000699.jpg,metfaces/images/img000699.jpg,0,
img000700.jpg,metfaces/images/img000700.jpg,0,
img000701.jpg,metfaces/images/img000701.jpg,0,
img000702.jpg,metfaces/images/img000702.jpg,0,
img000703.jpg,metfaces/images/img000703.jpg,0,
img000704.jpg,metfaces/images/img000704.jpg,0,
img000705.jpg,metfaces/images/img000705.jpg,0,
img000706.jpg,metfaces/images/img000706.jpg,0,
img000707.jpg,metfaces/images/img000707.jpg,0,
img000708.jpg,metfaces/images/img000708.jpg,0,
img000709.jpg,metfaces/images/img000709.jpg,0,
img000710.jpg,metfaces/images/img000710.jpg,0,
img000711.jpg,metfaces/images/img000711.jpg,0,
img000712.jpg,metfaces/images/img000712.jpg,0,
img000713.jpg,metfaces/images/img000713.jpg,0,
img000714.jpg,metfaces/images/img000714.jpg,0,
img000715.jpg,metfaces/images/img000715.jpg,0,
img000716.jpg,metfaces/images/img000716.jpg,0,
img000717.jpg,metfaces/images/img000717.jpg,0,
img000718.jpg,metfaces/images/img000718.jpg,0,
img000719.jpg,metfaces/images/img000719.jpg,0,
img000720.jpg,metfaces/images/img000720.jpg,0,
img000721.jpg,metfaces/images/img000721.jpg,0,
img000722.jpg,metfaces/images/img000722.jpg,0,
img000723.jpg,metfaces/images/img000723.jpg,0,
img000724.jpg,metfaces/images/img000724.jpg,0,
img000725.jpg,metfaces/images/img000725.jpg,0,
img000726.jpg,metfaces/images/img000726.jpg,0,
img000727.jpg,metfaces/images/img000727.jpg,0,
img000728.jpg,metfaces/images/img000728.jpg,0,
img000729.jpg,metfaces/images/img000729.jpg,0,
img000730.jpg,metfaces/images/img000730.jpg,0,
img000731.jpg,metfaces/images/img000731.jpg,0,
img000732.jpg,metfaces/images/img000732.jpg,0,
img000733.jpg,metfaces/images/img000733.jpg,0,
img000734.jpg,metfaces/images/img000734.jpg,0,
img000735.jpg,metfaces/images/img000735.jpg,0,
img000736.jpg,metfaces/images/img000736.jpg,0,
img000737.jpg,metfaces/images/img000737.jpg,0,
img000738.jpg,metfaces/images/img000738.jpg,0,
img000739.jpg,metfaces/images/img000739.jpg,0,
img000740.jpg,metfaces/images/img000740.jpg,0,
img000741.jpg,metfaces/images/img000741.jpg,0,
img000742.jpg,metfaces/images/img000742.jpg,0,
img000743.jpg,metfaces/images/img000743.jpg,0,
img000744.jpg,metfaces/images/img000744.jpg,0,
img000745.jpg,metfaces/images/img000745.jpg,0,
img000746.jpg,metfaces/images/img000746.jpg,0,
img000747.jpg,metfaces/images/img000747.jpg,0,
img000748.jpg,metfaces/images/img000748.jpg,0,
img000749.jpg,metfaces/images/img000749.jpg,0,
img000750.jpg,metfaces/images/img000750.jpg,0,
img000751.jpg,metfaces/images/img000751.jpg,0,
img000752.jpg,metfaces/images/img000752.jpg,0,
img000753.jpg,metfaces/images/img000753.jpg,0,
img000754.jpg,metfaces/images/img000754.jpg,0,
img000755.jpg,metfaces/images/img000755.jpg,0,
img000756.jpg,metfaces/images/img000756.jpg,0,
img000757.jpg,metfaces/images/img000757.jpg,0,
img000758.jpg,metfaces/images/img000758.jpg,0,
img000759.jpg,metfaces/images/img000759.jpg,0,
img000760.jpg,metfaces/images/img000760.jpg,0,
img000761.jpg,metfaces/images/img000761.jpg,0,
img000762.jpg,metfaces/images/img000762.jpg,0,
img000763.jpg,metfaces/images/img000763.jpg,0,
img000764.jpg,metfaces/images/img000764.jpg,0,
img000765.jpg,metfaces/images/img000765.jpg,0,
img000766.jpg,metfaces/images/img000766.jpg,0,
img000767.jpg,metfaces/images/img000767.jpg,0,
img000768.jpg,metfaces/images/img000768.jpg,0,
img000769.jpg,metfaces/images/img000769.jpg,0,
img000770.jpg,metfaces/images/img000770.jpg,0,
img000771.jpg,metfaces/images/img000771.jpg,0,
img000772.jpg,metfaces/images/img000772.jpg,0,
img000773.jpg,metfaces/images/img000773.jpg,0,
img000774.jpg,metfaces/images/img000774.jpg,0,
img000775.jpg,metfaces/images/img000775.jpg,0,
img000776.jpg,metfaces/images/img000776.jpg,0,
img000777.jpg,metfaces/images/img000777.jpg,0,
img000778.jpg,metfaces/images/img000778.jpg,0,
img000779.jpg,metfaces/images/img000779.jpg,0,
img000780.jpg,metfaces/images/img000780.jpg,0,
img000781.jpg,metfaces/images/img000781.jpg,0,
img000782.jpg,metfaces/images/img000782.jpg,0,
img000783.jpg,metfaces/images/img000783.jpg,0,
img000784.jpg,metfaces/images/img000784.jpg,0,
img000785.jpg,metfaces/images/img000785.jpg,0,
img000786.jpg,metfaces/images/img000786.jpg,0,
img000787.jpg,metfaces/images/img000787.jpg,0,
img000788.jpg,metfaces/images/img000788.jpg,0,
img000789.jpg,metfaces/images/img000789.jpg,0,
img000790.jpg,metfaces/images/img000790.jpg,0,
img000791.jpg,metfaces/images/img000791.jpg,0,
img000792.jpg,metfaces/images/img000792.jpg,0,
img000793.jpg,metfaces/images/img000793.jpg,0,
img000794.jpg,metfaces/images/img000794.jpg,0,
img000795.jpg,metfaces/images/img000795.jpg,0,
img000796.jpg,metfaces/images/img000796.jpg,0,
img000797.jpg,metfaces/images/img000797.jpg,0,
img000798.jpg,metfaces/images/img000798.jpg,0,
img000799.jpg,metfaces/images/img000799.jpg,0,
img000800.jpg,metfaces/images/img000800.jpg,0,
img000801.jpg,metfaces/images/img000801.jpg,0,
img000802.jpg,metfaces/images/img000802.jpg,0,
img000803.jpg,metfaces/images/img000803.jpg,0,
img000804.jpg,metfaces/images/img000804.jpg,0,
img000805.jpg,metfaces/images/img000805.jpg,0,
img000806.jpg,metfaces/images/img000806.jpg,0,
img000807.jpg,metfaces/images/img000807.jpg,0,
img000808.jpg,metfaces/images/img000808.jpg,0,
img000809.jpg,metfaces/images/img000809.jpg,0,
img000810.jpg,metfaces/images/img000810.jpg,0,
img000811.jpg,metfaces/images/img000811.jpg,0,
img000812.jpg,metfaces/images/img000812.jpg,0,
img000813.jpg,metfaces/images/img000813.jpg,0,
img000814.jpg,metfaces/images/img000814.jpg,0,
img000815.jpg,metfaces/images/img000815.jpg,0,
img000816.jpg,metfaces/images/img000816.jpg,0,
img000817.jpg,metfaces/images/img000817.jpg,0,
img000818.jpg,metfaces/images/img000818.jpg,0,
img000819.jpg,metfaces/images/img000819.jpg,0,
img000820.jpg,metfaces/images/img000820.jpg,0,
img000821.jpg,metfaces/images/img000821.jpg,0,
img000822.jpg,metfaces/images/img000822.jpg,0,
img000823.jpg,metfaces/images/img000823.jpg,0,
img000824.jpg,metfaces/images/img000824.jpg,0,
img000825.jpg,metfaces/images/img000825.jpg,0,
img000826.jpg,metfaces/images/img000826.jpg,0,
img000827.jpg,metfaces/images/img000827.jpg,0,
img000828.jpg,metfaces/images/img000828.jpg,0,
img000829.jpg,metfaces/images/img000829.jpg,0,
img000830.jpg,metfaces/images/img000830.jpg,0,
img000831.jpg,metfaces/images/img000831.jpg,0,
img000832.jpg,metfaces/images/img000832.jpg,0,
img000833.jpg,metfaces/images/img000833.jpg,0,
img000834.jpg,metfaces/images/img000834.jpg,0,
img000835.jpg,metfaces/images/img000835.jpg,0,
img000836.jpg,metfaces/images/img000836.jpg,0,
img000837.jpg,metfaces/images/img000837.jpg,0,
img000838.jpg,metfaces/images/img000838.jpg,0,
img000839.jpg,metfaces/images/img000839.jpg,0,
img000840.jpg,metfaces/images/img000840.jpg,0,
img000841.jpg,metfaces/images/img000841.jpg,0,
img000842.jpg,metfaces/images/img000842.jpg,0,
img000843.jpg,metfaces/images/img000843.jpg,0,
img000844.jpg,metfaces/images/img000844.jpg,0,
img000845.jpg,metfaces/images/img000845.jpg,0,
img000846.jpg,metfaces/images/img000846.jpg,0,
img000847.jpg,metfaces/images/img000847.jpg,0,
img000848.jpg,metfaces/images/img000848.jpg,0,
img000849.jpg,metfaces/images/img000849.jpg,0,
img000850.jpg,metfaces/images/img000850.jpg,0,
img000851.jpg,metfaces/images/img000851.jpg,0,
img000852.jpg,metfaces/images/img000852.jpg,0,
img000853.jpg,metfaces/images/img000853.jpg,0,
img000854.jpg,metfaces/images/img000854.jpg,0,
img000855.jpg,metfaces/images/img000855.jpg,0,
img000856.jpg,metfaces/images/img000856.jpg,0,
img000857.jpg,metfaces/images/img000857.jpg,0,
img000858.jpg,metfaces/images/img000858.jpg,0,
img000859.jpg,metfaces/images/img000859.jpg,0,
img000860.jpg,metfaces/images/img000860.jpg,0,
img000861.jpg,metfaces/images/img000861.jpg,0,
img000862.jpg,metfaces/images/img000862.jpg,0,
img000863.jpg,metfaces/images/img000863.jpg,0,
img000864.jpg,metfaces/images/img000864.jpg,0,
img000865.jpg,metfaces/images/img000865.jpg,0,
img000866.jpg,metfaces/images/img000866.jpg,0,
img000867.jpg,metfaces/images/img000867.jpg,0,
img000868.jpg,metfaces/images/img000868.jpg,0,
img000869.jpg,metfaces/images/img000869.jpg,0,
img000870.jpg,metfaces/images/img000870.jpg,0,
img000871.jpg,metfaces/images/img000871.jpg,0,
img000872.jpg,metfaces/images/img000872.jpg,0,
img000873.jpg,metfaces/images/img000873.jpg,0,
img000874.jpg,metfaces/images/img000874.jpg,0,
img000875.jpg,metfaces/images/img000875.jpg,0,
img000876.jpg,metfaces/images/img000876.jpg,0,
img000877.jpg,metfaces/images/img000877.jpg,0,
img000878.jpg,metfaces/images/img000878.jpg,0,
img000879.jpg,metfaces/images/img000879.jpg,0,
img000880.jpg,metfaces/images/img000880.jpg,0,
img000881.jpg,metfaces/images/img000881.jpg,0,
img000882.jpg,metfaces/images/img000882.jpg,0,
img000883.jpg,metfaces/images/img000883.jpg,0,
img000884.jpg,metfaces/images/img000884.jpg,0,
img000885.jpg,metfaces/images/img000885.jpg,0,
img000886.jpg,metfaces/images/img000886.jpg,0,
img000887.jpg,metfaces/images/img000887.jpg,0,
img000888.jpg,metfaces/images/img000888.jpg,0,
img000889.jpg,metfaces/images/img000889.jpg,0,
img000890.jpg,metfaces/images/img000890.jpg,0,
img000891.jpg,metfaces/images/img000891.jpg,0,
img000892.jpg,metfaces/images/img000892.jpg,0,
img000893.jpg,metfaces/images/img000893.jpg,0,
img000894.jpg,metfaces/images/img000894.jpg,0,
img000895.jpg,metfaces/images/img000895.jpg,0,
img000896.jpg,metfaces/images/img000896.jpg,0,
img000897.jpg,metfaces/images/img000897.jpg,0,
img000898.jpg,metfaces/images/img000898.jpg,0,
img000899.jpg,metfaces/images/img000899.jpg,0,
img000900.jpg,metfaces/images/img000900.jpg,0,
img000901.jpg,metfaces/images/img000901.jpg,0,
img000902.jpg,metfaces/images/img000902.jpg,0,
img000903.jpg,metfaces/images/img000903.jpg,0,
img000904.jpg,metfaces/images/img000904.jpg,0,
img000905.jpg,metfaces/images/img000905.jpg,0,
img000906.jpg,metfaces/images/img000906.jpg,0,
img000907.jpg,metfaces/images/img000907.jpg,0,
img000908.jpg,metfaces/images/img000908.jpg,0,
img000909.jpg,metfaces/images/img000909.jpg,0,
img000910.jpg,metfaces/images/img000910.jpg,0,
img000911.jpg,metfaces/images/img000911.jpg,0,
img000912.jpg,metfaces/images/img000912.jpg,0,
img000913.jpg,metfaces/images/img000913.jpg,0,
img000914.jpg,metfaces/images/img000914.jpg,0,
img000915.jpg,metfaces/images/img000915.jpg,0,
img000916.jpg,metfaces/images/img000916.jpg,0,
img000917.jpg,metfaces/images/img000917.jpg,0,
img000918.jpg,metfaces/images/img000918.jpg,0,
img000919.jpg,metfaces/images/img000919.jpg,0,
img000920.jpg,metfaces/images/img000920.jpg,0,
img000921.jpg,metfaces/images/img000921.jpg,0,
img000922.jpg,metfaces/images/img000922.jpg,0,
img000923.jpg,metfaces/images/img000923.jpg,0,
img000924.jpg,metfaces/images/img000924.jpg,0,
img000925.jpg,metfaces/images/img000925.jpg,0,
img000926.jpg,metfaces/images/img000926.jpg,0,
img000927.jpg,metfaces/images/img000927.jpg,0,
img000928.jpg,metfaces/images/img000928.jpg,0,
img000929.jpg,metfaces/images/img000929.jpg,0,
img000930.jpg,metfaces/images/img000930.jpg,0,
img000931.jpg,metfaces/images/img000931.jpg,0,
img000932.jpg,metfaces/images/img000932.jpg,0,
img000933.jpg,metfaces/images/img000933.jpg,0,
img000934.jpg,metfaces/images/img000934.jpg,0,
img000935.jpg,metfaces/images/img000935.jpg,0,
img000936.jpg,metfaces/images/img000936.jpg,0,
img000937.jpg,metfaces/images/img000937.jpg,0,
img000938.jpg,metfaces/images/img000938.jpg,0,
img000939.jpg,metfaces/images/img000939.jpg,0,
img000940.jpg,metfaces/images/img000940.jpg,0,
img000941.jpg,metfaces/images/img000941.jpg,0,
img000942.jpg,metfaces/images/img000942.jpg,0,
img000943.jpg,metfaces/images/img000943.jpg,0,
img000944.jpg,metfaces/images/img000944.jpg,0,
img000945.jpg,metfaces/images/img000945.jpg,0,
img000946.jpg,metfaces/images/img000946.jpg,0,
img000947.jpg,metfaces/images/img000947.jpg,0,
img000948.jpg,metfaces/images/img000948.jpg,0,
img000949.jpg,metfaces/images/img000949.jpg,0,
img000950.jpg,metfaces/images/img000950.jpg,0,
img000951.jpg,metfaces/images/img000951.jpg,0,
img000952.jpg,metfaces/images/img000952.jpg,0,
img000953.jpg,metfaces/images/img000953.jpg,0,
img000954.jpg,metfaces/images/img000954.jpg,0,
img000955.jpg,metfaces/images/img000955.jpg,0,
img000956.jpg,metfaces/images/img000956.jpg,0,
img000957.jpg,metfaces/images/img000957.jpg,0,
img000958.jpg,metfaces/images/img000958.jpg,0,
img000959.jpg,metfaces/images/img000959.jpg,0,
img000960.jpg,metfaces/images/img000960.jpg,0,
img000961.jpg,metfaces/images/img000961.jpg,0,
img000962.jpg,metfaces/images/img000962.jpg,0,
img000963.jpg,metfaces/images/img000963.jpg,0,
img000964.jpg,metfaces/images/img000964.jpg,0,
img000965.jpg,metfaces/images/img000965.jpg,0,
img000966.jpg,metfaces/images/img000966.jpg,0,
img000967.jpg,metfaces/images/img000967.jpg,0,
img000968.jpg,metfaces/images/img000968.jpg,0,
img000969.jpg,metfaces/images/img000969.jpg,0,
img000970.jpg,metfaces/images/img000970.jpg,0,
img000971.jpg,metfaces/images/img000971.jpg,0,
img000972.jpg,metfaces/images/img000972.jpg,0,
img000973.jpg,metfaces/images/img000973.jpg,0,
img000974.jpg,metfaces/images/img000974.jpg,0,
img000975.jpg,metfaces/images/img000975.jpg,0,
img000976.jpg,metfaces/images/img000976.jpg,0,
img000977.jpg,metfaces/images/img000977.jpg,0,
img000978.jpg,metfaces/images/img000978.jpg,0,
img000979.jpg,metfaces/images/img000979.jpg,0,
img000980.jpg,metfaces/images/img000980.jpg,0,
img000981.jpg,metfaces/images/img000981.jpg,0,
img000982.jpg,metfaces/images/img000982.jpg,0,
img000983.jpg,metfaces/images/img000983.jpg,0,
img000984.jpg,metfaces/images/img000984.jpg,0,
img000985.jpg,metfaces/images/img000985.jpg,0,
img000986.jpg,metfaces/images/img000986.jpg,0,
img000987.jpg,metfaces/images/img000987.jpg,0,
img000988.jpg,metfaces/images/img000988.jpg,0,
img000989.jpg,metfaces/images/img000989.jpg,0,
img000990.jpg,metfaces/images/img000990.jpg,0,
img000991.jpg,metfaces/images/img000991.jpg,0,
img000992.jpg,metfaces/images/img000992.jpg,0,
img000993.jpg,metfaces/images/img000993.jpg,0,
img000994.jpg,metfaces/images/img000994.jpg,0,
img000995.jpg,metfaces/images/img000995.jpg,0,
img000996.jpg,metfaces/images/img000996.jpg,0,
img000997.jpg,metfaces/images/img000997.jpg,0,
img000998.jpg,metfaces/images/img000998.jpg,0,
img000999.jpg,metfaces/images/img000999.jpg,0,
img001000.jpg,metfaces/images/img001000.jpg,0,
img001001.jpg,metfaces/images/img001001.jpg,0,
img001002.jpg,metfaces/images/img001002.jpg,0,
img001003.jpg,metfaces/images/img001003.jpg,0,
img001004.jpg,metfaces/images/img001004.jpg,0,
img001005.jpg,metfaces/images/img001005.jpg,0,
img001006.jpg,metfaces/images/img001006.jpg,0,
img001007.jpg,metfaces/images/img001007.jpg,0,
img001008.jpg,metfaces/images/img001008.jpg,0,
img001009.jpg,metfaces/images/img001009.jpg,0,
img001010.jpg,metfaces/images/img001010.jpg,0,
img001011.jpg,metfaces/images/img001011.jpg,0,
img001012.jpg,metfaces/images/img001012.jpg,0,
img001013.jpg,metfaces/images/img001013.jpg,0,
img001014.jpg,metfaces/images/img001014.jpg,0,
img001015.jpg,metfaces/images/img001015.jpg,0,
img001016.jpg,metfaces/images/img001016.jpg,0,
img001017.jpg,metfaces/images/img001017.jpg,0,
img001018.jpg,metfaces/images/img001018.jpg,0,
img001019.jpg,metfaces/images/img001019.jpg,0,
img001020.jpg,metfaces/images/img001020.jpg,0,
img001021.jpg,metfaces/images/img001021.jpg,0,
img001022.jpg,metfaces/images/img001022.jpg,0,
img001023.jpg,metfaces/images/img001023.jpg,0,
img001024.jpg,metfaces/images/img001024.jpg,0,
img001025.jpg,metfaces/images/img001025.jpg,0,
img001026.jpg,metfaces/images/img001026.jpg,0,
img001027.jpg,metfaces/images/img001027.jpg,0,
img001028.jpg,metfaces/images/img001028.jpg,0,
img001029.jpg,metfaces/images/img001029.jpg,0,
img001030.jpg,metfaces/images/img001030.jpg,0,
img001031.jpg,metfaces/images/img001031.jpg,0,
img001032.jpg,metfaces/images/img001032.jpg,0,
img001033.jpg,metfaces/images/img001033.jpg,0,
img001034.jpg,metfaces/images/img001034.jpg,0,
img001035.jpg,metfaces/images/img001035.jpg,0,
img001036.jpg,metfaces/images/img001036.jpg,0,
img001037.jpg,metfaces/images/img001037.jpg,0,
img001038.jpg,metfaces/images/img001038.jpg,0,
img001039.jpg,metfaces/images/img001039.jpg,0,
img001040.jpg,metfaces/images/img001040.jpg,0,
img001041.jpg,metfaces/images/img001041.jpg,0,
img001042.jpg,metfaces/images/img001042.jpg,0,
img001043.jpg,metfaces/images/img001043.jpg,0,
img001044.jpg,metfaces/images/img001044.jpg,0,
img001045.jpg,metfaces/images/img001045.jpg,0,
img001046.jpg,metfaces/images/img001046.jpg,0,
img001047.jpg,metfaces/images/img001047.jpg,0,
img001048.jpg,metfaces/images/img001048.jpg,0,
img001049.jpg,metfaces/images/img001049.jpg,0,
img001050.jpg,metfaces/images/img001050.jpg,0,
img001051.jpg,metfaces/images/img001051.jpg,0,
img001052.jpg,metfaces/images/img001052.jpg,0,
img001053.jpg,metfaces/images/img001053.jpg,0,
img001054.jpg,metfaces/images/img001054.jpg,0,
img001055.jpg,metfaces/images/img001055.jpg,0,
img001056.jpg,metfaces/images/img001056.jpg,0,
img001057.jpg,metfaces/images/img001057.jpg,0,
img001058.jpg,metfaces/images/img001058.jpg,0,
img001059.jpg,metfaces/images/img001059.jpg,0,
img001060.jpg,metfaces/images/img001060.jpg,0,
img001061.jpg,metfaces/images/img001061.jpg,0,
img001062.jpg,metfaces/images/img001062.jpg,0,
img001063.jpg,metfaces/images/img001063.jpg,0,
img001064.jpg,metfaces/images/img001064.jpg,0,
img001065.jpg,metfaces/images/img001065.jpg,0,
img001066.jpg,metfaces/images/img001066.jpg,0,
img001067.jpg,metfaces/images/img001067.jpg,0,
img001068.jpg,metfaces/images/img001068.jpg,0,
img001069.jpg,metfaces/images/img001069.jpg,0,
img001070.jpg,metfaces/images/img001070.jpg,0,
img001071.jpg,metfaces/images/img001071.jpg,0,
img001072.jpg,metfaces/images/img001072.jpg,0,
img001073.jpg,metfaces/images/img001073.jpg,0,
img001074.jpg,metfaces/images/img001074.jpg,0,
img001075.jpg,metfaces/images/img001075.jpg,0,
img001076.jpg,metfaces/images/img001076.jpg,0,
img001077.jpg,metfaces/images/img001077.jpg,0,
img001078.jpg,metfaces/images/img001078.jpg,0,
img001079.jpg,metfaces/images/img001079.jpg,0,
img001080.jpg,metfaces/images/img001080.jpg,0,
img001081.jpg,metfaces/images/img001081.jpg,0,
img001082.jpg,metfaces/images/img001082.jpg,0,
img001083.jpg,metfaces/images/img001083.jpg,0,
img001084.jpg,metfaces/images/img001084.jpg,0,
img001085.jpg,metfaces/images/img001085.jpg,0,
img001086.jpg,metfaces/images/img001086.jpg,0,
img001087.jpg,metfaces/images/img001087.jpg,0,
img001088.jpg,metfaces/images/img001088.jpg,0,
img001089.jpg,metfaces/images/img001089.jpg,0,
img001090.jpg,metfaces/images/img001090.jpg,0,
img001091.jpg,metfaces/images/img001091.jpg,0,
img001092.jpg,metfaces/images/img001092.jpg,0,
img001093.jpg,metfaces/images/img001093.jpg,0,
img001094.jpg,metfaces/images/img001094.jpg,0,
img001095.jpg,metfaces/images/img001095.jpg,0,
img001096.jpg,metfaces/images/img001096.jpg,0,
img001097.jpg,metfaces/images/img001097.jpg,0,
img001098.jpg,metfaces/images/img001098.jpg,0,
img001099.jpg,metfaces/images/img001099.jpg,0,
img001100.jpg,metfaces/images/img001100.jpg,0,
img001101.jpg,metfaces/images/img001101.jpg,0,
img001102.jpg,metfaces/images/img001102.jpg,0,
img001103.jpg,metfaces/images/img001103.jpg,0,
img001104.jpg,metfaces/images/img001104.jpg,0,
img001105.jpg,metfaces/images/img001105.jpg,0,
img001106.jpg,metfaces/images/img001106.jpg,0,
img001107.jpg,metfaces/images/img001107.jpg,0,
img001108.jpg,metfaces/images/img001108.jpg,0,
img001109.jpg,metfaces/images/img001109.jpg,0,
img001110.jpg,metfaces/images/img001110.jpg,0,
img001111.jpg,metfaces/images/img001111.jpg,0,
img001112.jpg,metfaces/images/img001112.jpg,0,
img001113.jpg,metfaces/images/img001113.jpg,0,
img001114.jpg,metfaces/images/img001114.jpg,0,
img001115.jpg,metfaces/images/img001115.jpg,0,
img001116.jpg,metfaces/images/img001116.jpg,0,
img001117.jpg,metfaces/images/img001117.jpg,0,
img001118.jpg,metfaces/images/img001118.jpg,0,
img001119.jpg,metfaces/images/img001119.jpg,0,
img001120.jpg,metfaces/images/img001120.jpg,0,
img001121.jpg,metfaces/images/img001121.jpg,0,
img001122.jpg,metfaces/images/img001122.jpg,0,
img001123.jpg,metfaces/images/img001123.jpg,0,
img001124.jpg,metfaces/images/img001124.jpg,0,
img001125.jpg,metfaces/images/img001125.jpg,0,
img001126.jpg,metfaces/images/img001126.jpg,0,
img001127.jpg,metfaces/images/img001127.jpg,0,
img001128.jpg,metfaces/images/img001128.jpg,0,
img001129.jpg,metfaces/images/img001129.jpg,0,
img001130.jpg,metfaces/images/img001130.jpg,0,
img001131.jpg,metfaces/images/img001131.jpg,0,
img001132.jpg,metfaces/images/img001132.jpg,0,
img001133.jpg,metfaces/images/img001133.jpg,0,
img001134.jpg,metfaces/images/img001134.jpg,0,
img001135.jpg,metfaces/images/img001135.jpg,0,
img001136.jpg,metfaces/images/img001136.jpg,0,
img001137.jpg,metfaces/images/img001137.jpg,0,
img001138.jpg,metfaces/images/img001138.jpg,0,
img001139.jpg,metfaces/images/img001139.jpg,0,
img001140.jpg,metfaces/images/img001140.jpg,0,
img001141.jpg,metfaces/images/img001141.jpg,0,
img001142.jpg,metfaces/images/img001142.jpg,0,
img001143.jpg,metfaces/images/img001143.jpg,0,
img001144.jpg,metfaces/images/img001144.jpg,0,
img001145.jpg,metfaces/images/img001145.jpg,0,
img001146.jpg,metfaces/images/img001146.jpg,0,
img001147.jpg,metfaces/images/img001147.jpg,0,
img001148.jpg,metfaces/images/img001148.jpg,0,
img001149.jpg,metfaces/images/img001149.jpg,0,
img001150.jpg,metfaces/images/img001150.jpg,0,
img001151.jpg,metfaces/images/img001151.jpg,0,
img001152.jpg,metfaces/images/img001152.jpg,0,
img001153.jpg,metfaces/images/img001153.jpg,0,
img001154.jpg,metfaces/images/img001154.jpg,0,
img001155.jpg,metfaces/images/img001155.jpg,0,
img001156.jpg,metfaces/images/img001156.jpg,0,
img001157.jpg,metfaces/images/img001157.jpg,0,
img001158.jpg,metfaces/images/img001158.jpg,0,
img001159.jpg,metfaces/images/img001159.jpg,0,
img001160.jpg,metfaces/images/img001160.jpg,0,
img001161.jpg,metfaces/images/img001161.jpg,0,
img001162.jpg,metfaces/images/img001162.jpg,0,
img001163.jpg,metfaces/images/img001163.jpg,0,
img001164.jpg,metfaces/images/img001164.jpg,0,
img001165.jpg,metfaces/images/img001165.jpg,0,
img001166.jpg,metfaces/images/img001166.jpg,0,
img001167.jpg,metfaces/images/img001167.jpg,0,
img001168.jpg,metfaces/images/img001168.jpg,0,
img001169.jpg,metfaces/images/img001169.jpg,0,
img001170.jpg,metfaces/images/img001170.jpg,0,
img001171.jpg,metfaces/images/img001171.jpg,0,
img001172.jpg,metfaces/images/img001172.jpg,0,
img001173.jpg,metfaces/images/img001173.jpg,0,
img001174.jpg,metfaces/images/img001174.jpg,0,
img001175.jpg,metfaces/images/img001175.jpg,0,
img001176.jpg,metfaces/images/img001176.jpg,0,
img001177.jpg,metfaces/images/img001177.jpg,0,
img001178.jpg,metfaces/images/img001178.jpg,0,
img001179.jpg,metfaces/images/img001179.jpg,0,
img001180.jpg,metfaces/images/img001180.jpg,0,
img001181.jpg,metfaces/images/img001181.jpg,0,
img001182.jpg,metfaces/images/img001182.jpg,0,
img001183.jpg,metfaces/images/img001183.jpg,0,
img001184.jpg,metfaces/images/img001184.jpg,0,
img001185.jpg,metfaces/images/img001185.jpg,0,
img001186.jpg,metfaces/images/img001186.jpg,0,
img001187.jpg,metfaces/images/img001187.jpg,0,
img001188.jpg,metfaces/images/img001188.jpg,0,
img001189.jpg,metfaces/images/img001189.jpg,0,
img001190.jpg,metfaces/images/img001190.jpg,0,
img001191.jpg,metfaces/images/img001191.jpg,0,
img001192.jpg,metfaces/images/img001192.jpg,0,
img001193.jpg,metfaces/images/img001193.jpg,0,
img001194.jpg,metfaces/images/img001194.jpg,0,
img001195.jpg,metfaces/images/img001195.jpg,0,
img001196.jpg,metfaces/images/img001196.jpg,0,
img001197.jpg,metfaces/images/img001197.jpg,0,
img001198.jpg,metfaces/images/img001198.jpg,0,
img001199.jpg,metfaces/images/img001199.jpg,0,
img001200.jpg,metfaces/images/img001200.jpg,0,
img001201.jpg,metfaces/images/img001201.jpg,0,
img001202.jpg,metfaces/images/img001202.jpg,0,
img001203.jpg,metfaces/images/img001203.jpg,0,
img001204.jpg,metfaces/images/img001204.jpg,0,
img001205.jpg,metfaces/images/img001205.jpg,0,
img001206.jpg,metfaces/images/img001206.jpg,0,
img001207.jpg,metfaces/images/img001207.jpg,0,
img001208.jpg,metfaces/images/img001208.jpg,0,
img001209.jpg,metfaces/images/img001209.jpg,0,
img001210.jpg,metfaces/images/img001210.jpg,0,
img001211.jpg,metfaces/images/img001211.jpg,0,
img001212.jpg,metfaces/images/img001212.jpg,0,
img001213.jpg,metfaces/images/img001213.jpg,0,
img001214.jpg,metfaces/images/img001214.jpg,0,
img001215.jpg,metfaces/images/img001215.jpg,0,
img001216.jpg,metfaces/images/img001216.jpg,0,
img001217.jpg,metfaces/images/img001217.jpg,0,
img001218.jpg,metfaces/images/img001218.jpg,0,
img001219.jpg,metfaces/images/img001219.jpg,0,
img001220.jpg,metfaces/images/img001220.jpg,0,
img001221.jpg,metfaces/images/img001221.jpg,0,
img001222.jpg,metfaces/images/img001222.jpg,0,
img001223.jpg,metfaces/images/img001223.jpg,0,
img001224.jpg,metfaces/images/img001224.jpg,0,
img001225.jpg,metfaces/images/img001225.jpg,0,
img001226.jpg,metfaces/images/img001226.jpg,0,
img001227.jpg,metfaces/images/img001227.jpg,0,
img001228.jpg,metfaces/images/img001228.jpg,0,
img001229.jpg,metfaces/images/img001229.jpg,0,
img001230.jpg,metfaces/images/img001230.jpg,0,
img001231.jpg,metfaces/images/img001231.jpg,0,
img001232.jpg,metfaces/images/img001232.jpg,0,
img001233.jpg,metfaces/images/img001233.jpg,0,
img001234.jpg,metfaces/images/img001234.jpg,0,
img001235.jpg,metfaces/images/img001235.jpg,0,
img001236.jpg,metfaces/images/img001236.jpg,0,
img001237.jpg,metfaces/images/img001237.jpg,0,
img001238.jpg,metfaces/images/img001238.jpg,0,
img001239.jpg,metfaces/images/img001239.jpg,0,
img001240.jpg,metfaces/images/img001240.jpg,0,
img001241.jpg,metfaces/images/img001241.jpg,0,
img001242.jpg,metfaces/images/img001242.jpg,0,
img001243.jpg,metfaces/images/img001243.jpg,0,
img001244.jpg,metfaces/images/img001244.jpg,0,
img001245.jpg,metfaces/images/img001245.jpg,0,
img001246.jpg,metfaces/images/img001246.jpg,0,
img001247.jpg,metfaces/images/img001247.jpg,0,
img001248.jpg,metfaces/images/img001248.jpg,0,
img001249.jpg,metfaces/images/img001249.jpg,0,
img001250.jpg,metfaces/images/img001250.jpg,0,
img001251.jpg,metfaces/images/img001251.jpg,0,
img001252.jpg,metfaces/images/img001252.jpg,0,
img001253.jpg,metfaces/images/img001253.jpg,0,
img001254.jpg,metfaces/images/img001254.jpg,0,
img001255.jpg,metfaces/images/img001255.jpg,0,
img001256.jpg,metfaces/images/img001256.jpg,0,
img001257.jpg,metfaces/images/img001257.jpg,0,
img001258.jpg,metfaces/images/img001258.jpg,0,
img001259.jpg,metfaces/images/img001259.jpg,0,
img001260.jpg,metfaces/images/img001260.jpg,0,
img001261.jpg,metfaces/images/img001261.jpg,0,
img001262.jpg,metfaces/images/img001262.jpg,0,
img001263.jpg,metfaces/images/img001263.jpg,0,
img001264.jpg,metfaces/images/img001264.jpg,0,
img001265.jpg,metfaces/images/img001265.jpg,0,
img001266.jpg,metfaces/images/img001266.jpg,0,
img001267.jpg,metfaces/images/img001267.jpg,0,
img001268.jpg,metfaces/images/img001268.jpg,0,
img001269.jpg,metfaces/images/img001269.jpg,0,
img001270.jpg,metfaces/images/img001270.jpg,0,
img001271.jpg,metfaces/images/img001271.jpg,0,
img001272.jpg,metfaces/images/img001272.jpg,0,
img001273.jpg,metfaces/images/img001273.jpg,0,
img001274.jpg,metfaces/images/img001274.jpg,0,
img001275.jpg,metfaces/images/img001275.jpg,0,
img001276.jpg,metfaces/images/img001276.jpg,0,
img001277.jpg,metfaces/images/img001277.jpg,0,
img001278.jpg,metfaces/images/img001278.jpg,0,
img001279.jpg,metfaces/images/img001279.jpg,0,
img001280.jpg,metfaces/images/img001280.jpg,0,
img001281.jpg,metfaces/images/img001281.jpg,0,
img001282.jpg,metfaces/images/img001282.jpg,0,
img001283.jpg,metfaces/images/img001283.jpg,0,
img001284.jpg,metfaces/images/img001284.jpg,0,
img001285.jpg,metfaces/images/img001285.jpg,0,
img001286.jpg,metfaces/images/img001286.jpg,0,
img001287.jpg,metfaces/images/img001287.jpg,0,
img001288.jpg,metfaces/images/img001288.jpg,0,
img001289.jpg,metfaces/images/img001289.jpg,0,
img001290.jpg,metfaces/images/img001290.jpg,0,
img001291.jpg,metfaces/images/img001291.jpg,0,
img001292.jpg,metfaces/images/img001292.jpg,0,
img001293.jpg,metfaces/images/img001293.jpg,0,
img001294.jpg,metfaces/images/img001294.jpg,0,
img001295.jpg,metfaces/images/img001295.jpg,0,
img001296.jpg,metfaces/images/img001296.jpg,0,
img001297.jpg,metfaces/images/img001297.jpg,0,
img001298.jpg,metfaces/images/img001298.jpg,0,
img001299.jpg,metfaces/images/img001299.jpg,0,
img001300.jpg,metfaces/images/img001300.jpg,0,
img001301.jpg,metfaces/images/img001301.jpg,0,
img001302.jpg,metfaces/images/img001302.jpg,0,
img001303.jpg,metfaces/images/img001303.jpg,0,
img001304.jpg,metfaces/images/img001304.jpg,0,
img001305.jpg,metfaces/images/img001305.jpg,0,
img001306.jpg,metfaces/images/img001306.jpg,0,
img001307.jpg,metfaces/images/img001307.jpg,0,
img001308.jpg,metfaces/images/img001308.jpg,0,
img001309.jpg,metfaces/images/img001309.jpg,0,
img001310.jpg,metfaces/images/img001310.jpg,0,
img001311.jpg,metfaces/images/img001311.jpg,0,
img001312.jpg,metfaces/images/img001312.jpg,0,
img001313.jpg,metfaces/images/img001313.jpg,0,
img001314.jpg,metfaces/images/img001314.jpg,0,
img001315.jpg,metfaces/images/img001315.jpg,0,
img001316.jpg,metfaces/images/img001316.jpg,0,
img001317.jpg,metfaces/images/img001317.jpg,0,
img001318.jpg,metfaces/images/img001318.jpg,0,
img001319.jpg,metfaces/images/img001319.jpg,0,
img001320.jpg,metfaces/images/img001320.jpg,0,
img001321.jpg,metfaces/images/img001321.jpg,0,
img001322.jpg,metfaces/images/img001322.jpg,0,
img001323.jpg,metfaces/images/img001323.jpg,0,
img001324.jpg,metfaces/images/img001324.jpg,0,
img001325.jpg,metfaces/images/img001325.jpg,0,
img001326.jpg,metfaces/images/img001326.jpg,0,
img001327.jpg,metfaces/images/img001327.jpg,0,
img001328.jpg,metfaces/images/img001328.jpg,0,
img001329.jpg,metfaces/images/img001329.jpg,0,
img001330.jpg,metfaces/images/img001330.jpg,0,
img001331.jpg,metfaces/images/img001331.jpg,0,
img001332.jpg,metfaces/images/img001332.jpg,0,
img001333.jpg,metfaces/images/img001333.jpg,0,
img001334.jpg,metfaces/images/img001334.jpg,0,
img001335.jpg,metfaces/images/img001335.jpg,0,
